tw_Id,tw_Symbol,tw_Nazwa,tw_Opis,tc_CenaNetto7
3,CRI-WHI,Skuter Cristal BIAŁY 60V,3 kołowy skuter elektryczny biały 60V,1190.0
4,CRI-BLA,Skuter Cristal CZARNY 60V,3 kołowy skuter elektryczny czarny 60V,1190.0
5,CRI-SIL,Skuter Cristal SREBRNY 60V,3 kołowy skuter elektryczny srebrny 60V,1190.0
107,FAS-BLA,Skuter Faster CZARNY CL-30ZR-60 60V 1000W,4 kołowy skuter elektryczny czarny,1250.0
108,FAS-RED,Skuter Faster CZERWONY CL-30ZR-60 60V 1000W,4 kołowy skuter elektryczny czerwony,1250.0
109,FAS-BLU,Skuter Faster NIEBIESKI CL-30ZR-60 60V 1000W,4 kołowy skuter elektryczny niebieski,1250.0
110,FAS-GRA,Skuter Faster SZARY CL-30ZR-60 60V 1000W,4 kołowy skuter elektryczny szary,1250.0
229,15-WHI,Skuter ZT15 BIAŁY 48V 900W,3 kołowy skuter elektryczny biały,920.0
230,15-RED,Skuter ZT15 CZERWONY 48V 900W,3 kołowy skuter elektryczny czerwony,920.0
231,15-BLU,Skuter ZT15 NIEBIESKI 48V 900W,3 kołowy skuter elektryczny niebieski,920.0
233,16-BLA,Skuter ZT16 CZARNY,3 kołowy skuter elektryczny czarny,600.0
234,16-RED,Skuter ZT16 CZERWONY,3 kołowy skuter elektryczny czerwony,600.0
235,16-SIL,Skuter ZT16 SREBRNY,3 kołowy skuter elektryczny srebrny,600.0
236,18-RED,Skuter ZT18 CZERWONY 60V 1000W,3 kołowy skuter elektryczny z 2 siedzeniami czerwony,5341.7
237,25-WHI,Skuter ZT25 Biały,2 kołowy skuter elektryczny biały,3798.37
238,25-RED,Skuter ZT25 Czerwony,2 kołowy skuter elektryczny czerwony,3798.37
358,63-WHI,Skuter ZT63 BIAŁY 60V 650W,3 kołowy skuter elektryczny biały,1024.0
359,63-BLA,Skuter ZT63 CZARNY 60V 650W,3 kołowy skuter elektryczny czarny,1024.0
360,63-RED,Skuter ZT63 CZERWONY 60V 650W,3 kołowy skuter elektryczny czerwony,1024.0
436,TRANSPORT,Usluga Transportowa / Transport service,,0.0
455,USLUGA SERWISOW ,usluga serwisow pojazdu u klienta ,"Usluga polega na wykonaniu uslugi naprawy , serwisu pojazdu u klienta. ",0.0
536,ALKOHOL IZOPROPYLOWY,ALKOHOL IZOPROPYLOWY LUZ,1000 Litrow,18.2
537,IZOPROPYLEN,PlasButelka z dozownikiem - Izopropylen - Alkohol ,Plastikowa butelka z dozownikiem ( Alkohol Izopropylenowy ) ,23.4
548,PLASTIC BOTTLE,Plastic bottle - lioton pump - SoftHandGelTM ,Plastic bottle - lioton pump - SoftHandGelTM 0.5L,0.0
549,PLASTIC BOTTLE PUMP,Plastic bottle + lioton pump - empty,Plastic bottle + lioton pump - empty,0.0
552,PLASTIC BOTTLE FLIP,Plastic bottle - lioton flip-top- SoftHandGelTM ,Plastic bottle - lioton flip-top - SoftHandGelTM 0.5L,0.0
554,18-BLU,Skuter ZT18 NIEBIESKI 60V 1000W,3 kołowy skuter elektryczny z 2 siedzeniami niebieski,6330.9
571,FRO-RED,Frost czarno czerwony,Frost czarno czerwony,17290.0
572,FRO-WHI,Frost biało czarny,Frost biało czarny,24675.3
576,98-HO-GRE,iTango Zielone 1200W,iTango Zielone 1200W,9100.0
577,98-HO-BLU,iTango Niebieskie 1200W,iTango Niebieskie 1200W,9100.0
602,18-WHI,Skuter ZT18 BIAŁY 60V 1000W,3 kołowy skuter elektryczny z 2 siedzeniami biały,6005.9
603,25-BLA,Skuter ZT25 Czarny,2 kołowy skuter elektryczny czarny,3798.37
608,DRA-BLA,Skuter Draco CZARNY 48V,3 kołowy skuter elektryczny czarny,1040.0
609,DRA-RED,Skuter Draco CZERWONY 48V,3 kołowy skuter elektryczny czerwony,1040.0
610,DRA-BLU,Skuter Draco NIEBIESKI 48V,3 kołowy skuter elektryczny niebieski,1040.0
611,DRA-GRA,Skuter Draco SZARY 48V,3 kołowy skuter elektryczny szary,1040.0
810,PRZEDMIOTY BIUROWE,Taśma Smart Brąz/Havanna,Taśma Smart Brąz/Havanna,2.54
811,PRZEDMIOTY BIUROWE1,Etykieta My Office 210x148,Etykieta My Office 210x148,24.7
812,PRZEDMIOTY BIUROWE2,Obwoluta krystal A4 A100 pudełko BANTEX 2019,Obwoluta krystal A4 A100 pudełko BANTEX 2019,14.17
817,ZT15EBIAOPS,Osłona pod siedzeniem biały ZT15E,"A-1-01                       
Osłona pod siedzeniem biały ZT15E",81.07
819,ZT15DMAN,Manetka komplet ZT15D,"A-2-01-B-02             
Manetka komplet (L+P) ZT15D",4.55
820,ZT15EMAN,Manetka komplet ZT15E,"A-2-01-B-01                                 
Manetka komplet (L+P) ZT15E ",15.86
821,ZT15EWIEL,Wiązka elektryczna ZT15E,"A-2-01-A-01                                
Wiązka elektryczna ZT15E",49.21
822,ZT15EPKIEL,Kierunkowskaz przedni lewy ZT15E,"A-2-02-A-01                      
Kierunkowskaz przedni lewy ZT15E",18.08
823,ZT15ESTA,Stacyjka zestaw ZT15E,"A-2-02-B-01                               
Stacyjka zestaw ZT15E
Stacyjka zestaw ZT15D",14.77
824,ZT15EKIER,Kierownica ZT15E,"A-3-01                    
Kierownica ZT15E ",14.27
825,ZT15ESPONIE,Spoiler tylny niebieski ZT15E,"A-3-02                                   
Spoiler tylny niebieski ZT15E
",16.19
826,ZT15ESPOCZE,Spoiler tylny czerwony ZT15E,"A-3-03                           
Spoiler tylny czerwony ZT15E",16.19
827,ZT15ESPOBIA,Spoiler tylny biały ZT15E,"A-3-04                                   
Spoiler tylny biały ZT15E",16.19
828,ZT15EWIDE,Przedni widelec ZT15E,"A-4-01                                 
Przedni widelec ZT15E",35.54
829,ZT15ELTL,Lampa tylna lewa ZT15E,"A-5-01                           
Lampa tylna lewa ZT15E
",24.97
830,ZT15EBLMSP,Blacha mocująca sterownik i przetwornice ZT15E,"A-5-02             
Blacha mocująca sterownik i przetwornice ZT15E",4.55
831,ZT15ERPSK,Ruchoma prowadnica siedziska(komplet) ZT15E,"A-6-01-A-01                                   
Ruchoma prowadnica siedziska(komplet) ZT15E

 ",32.8
832,ZT15ELUSK,Komplet lusterek ZT15E ,"A-6-02                                   
Komplet lusterek ZT15E ",9.05
833,ZT15EPS2,Poprzeczka siedzenia nr 2 ZT15E,"A-6-01-A-02                  
Poprzeczka siedzenia nr 2 ZT15E",1.64
834,ZT15EPS1,Poprzeczka siedzenia nr 1 ZT15E,"A-6-01-A-03                            
Poprzeczka siedzenia nr 1 ZT15E",1.64
835,ZT15EFELT,Felga tylna ZT15E,"A-7-01                              
Felga tylna ZT15E",54.73
836,ZT15EFELP,Felga przednia ZT15E,"A-8-01                             
Felga przednia ZT15E",52.35
837,ZT15ENIEOPS,Osłona pod siedzeniem niebieski ZT15E,"B-1-01                   
Osłona pod siedzeniem niebieski ZT15E",89.18
838,ZT15ECZEOPS,Osłona pod siedzeniem tylna czerwony ZT15E,"B-1-02                            
Osłona pod siedzeniem tylna czerwony ZT15E",89.18
839,ZT15ENIEOLGE,Osłona licznika górny element niebieski ZT15E,"B-2-01                   
Osłona licznika górny element niebieski ZT15E",12.38
840,ZT15ECZEOLGE,Osłona licznika górny element czerwony ZT15E,"B-2-02                       
Osłona licznika górny element czerwony ZT15E",12.38
841,ZT15EBIAOLGE,Osłona licznika górny element biały ZT15E,"B-2-03                           
Osłona licznika górny element biały ZT15E",12.38
842,UNIEMKK1,Element Montażowy kolumny kierowniczej nr 01,"B-3-01-A-01                         
Element Montażowy kolumny kierowniczej nr 01 Uniwersalny
ZT15E ZT63 Draco Faster Cristal ZT18",0.56
843,UNIEMKK2,Element Montażowy kolumny kierowniczej nr 02,"B-3-01-A-02                         
Element Montażowy kolumny kierowniczej nr 02 Uniwersalny
ZT15E ZT63 Draco Faster Cristal ZT18",0.56
844,UNIEMKK3,Element Montażowy kolumny kierowniczej nr 03,"B-3-01-A-03                     
Element Montażowy kolumny kierowniczej nr 03 Uniwersalny
ZT15E ZT63 Draco Faster Cristal ZT18",0.56
845,UNIEMKK4,Element Montażowy kolumny kierowniczej nr 04,"B-3-01-A-04                         
Element Montażowy kolumny kierowniczej nr 04 Uniwersalny
ZT15E ZT63 Draco Faster Cristal ZT18",0.56
846,UNIEMKK5,Element Montażowy kolumny kierowniczej nr 05,"B-3-01-A-05                        
Element Montażowy kolumny kierowniczej nr 05 Uniwersalny
ZT15E ZT63 Draco Faster Cristal ZT18",0.56
847,UNIEMKK6,Element Montażowy kolumny kierowniczej nr 06,"B-3-01-A-06                        
Element Montażowy kolumny kierowniczej nr 06 Uniwersalny
ZT15E ZT63 Draco Faster Cristal ZT18",0.56
848,UNIEMKK7,Element Montażowy kolumny kierowniczej nr 07,"B-3-01-A-07                      
Element Montażowy kolumny kierowniczej nr 07 Uniwersalny
ZT15E ZT63 Draco Faster Cristal ZT18",0.56
849,UNIEMKK8,Element Montażowy kolumny kierowniczej nr 08,"B-3-01-A-08                      
Element Montażowy kolumny kierowniczej nr 08 Uniwersalny
ZT15E ZT63 Draco Faster Cristal ZT18",0.56
850,UNIEMKK9,Element Montażowy kolumny kierowniczej nr 09,"B-3-01-A-09                      
Element Montażowy kolumny kierowniczej nr 09 Uniwersalny
ZT15E ZT63 Draco Faster Cristal ZT18",0.56
851,UNIEMKK10,Element Montażowy kolumny kierowniczej nr 10,"B-3-01-A-10                      
Element Montażowy kolumny kierowniczej nr 10 Uniwersalny
ZT15E ZT63 Draco Faster Cristal ZT18",0.56
852,UNIEMKK11,Element Montażowy kolumny kierowniczej nr 11,"B-3-01-A-11                      
Element Montażowy kolumny kierowniczej nr 11 Uniwersalny
ZT15E ZT63 Draco Faster Cristal ZT18",0.56
853,UNIEMKP,Element montażowy kierownicy(półksiężyc),"B-3-01-A-12                            
Element montażowy kierownicy(półksiężyc)",0.05
854,ZT15CPL,Chrom przedniej lampy ZT15E,"B-3-01-B-01          
Chrom przedniej lampy ZT15E",3.45
855,ZT15ECHL,Chromowana ramka licznika ZT15E,"B-3-01-B-02             
Chromowana ramka licznika ZT15E",3.29
856,ZT15EZPNZK,Zaślepka podłokietnika na zatrzask komplet ZT15E,"B-3-01-B-03                    
Zaślepka podłokietnika na zatrzask komplet(L+P) ZT15E",0.05
857,ZT15ELB,Linka bagażnika ZT15E,"B-4-01-B-01               
Linka bagażnika ZT15E",1.11
858,ZT15EOPNTD,Oś przednia z nakrętką i tuleją dystansującą ZT15E,"B-4-01-B-03                         
Oś przednia z nakrętką i tuleją dystansującą ZT15E",3.29
859,UNIKLAKS,Klakson 12 volt uniwersalny,"B-4-01-B-02                  
Klakson 12 volt uniwersalny
ZT15 Faster Draco Cristal ZT63 ZT18 
",4.37
860,ZT15EPZPRH,Przełączniki prawe zespolone z dźwignią ham ZT15E,"B-4-01-A-01                            
Przełączniki prawe zespolone z dźwignią hamulca ZT15E",10.66
861,ZT15DPZPRH,Przełączniki prawe zespolone z dźwignią ham ZT15D,"B-4-01-A-02                            
Przełączniki prawe zespolone z dźwignią hamulca ZT15D",10.66
862,ZT15EPKIERP,Kierunkowskaz przedni prawy ZT15E,"B-4-02-B-01                       
Kierunkowskaz przedni prawy ZT15E",19.89
863,ZT15PRKIER,Przerywacz kierunkowskazów ZT15E,"B-4-02-A-01                 
Przerywacz kierunkowskazów ZT15E
Przerywacz kierunkowskazów ZT63 ",1.9
864,UNIPRZAKU,Przewód akumulatora uniwersalny,"B-4-02-A-02             
Przewód akumulatora uniwersalny
ZT15 ZT63 Faster Draco ZT18 ",0.39
865,ZT15ERSK,Rama siedziska komplet ZT15E ,"B-5-01               
Rama siedziska komplet ZT15E ",65.6
866,UNIKPPEU,Kostka połączeniowa przewodów elektrycznych uniwer,"B-4-02-A-03                    
Kostka połączeniowa przewodów elektrycznych uniwersalna ",4.76
867,ZT15ELTP,Lampa tylna prawa ZT15E,"B-5-02-A-01                                       
Lampa tylna prawa ZT15E
",24.97
868,UNIBEZP40A,Bezpiecznik główny 40A uniwersalny      ,"B-6-01-A-01          
Bezpiecznik główny 40A uniwersalny 
ZT15 ZT63 Faster Draco Cristal ZT18 ",3.81
869,ZT15HBP,Hamulec bębnowy przedni ZT15E,"B-7-02-A-01                
Hamulec bębnowy przedni ZT15E",13.66
870,UNISZCZHAM,Szczęki hamulcowe uniwersalny,"B-6-02-A-01              
Szczęki hamulcowe uniwersalny
ZT15E ZT63 Faster Draco Cristal ",3.33
871,ZT15DFELT,Felga tylna ZT15D,"B-7-01                              
Felga tylna ZT15D",62.87
872,ZT15DFELP,Felga przednia ZT15D,"B-7-02                              
Felga przednia ZT15D",62.87
873,ZT15ETLINHAM,Linka hamulcowa tył ZT15E,"B-8-02-A-01                           
Linka hamulcowa tył ZT15E",6.02
874,ZT15ESIL48V,Silnik 48 volt 500 wat ZT15E,"B-8-01                          
Silnik 48 volt 500 wat ZT15E",289.76
875,ZT15DSIL48V,Silnik 48 volt 500 wat ZT15D,"B-8-03                          
Silnik 48 volt 500 wat ZT15D",289.76
876,ZT15CZEBŁOP,Błotnik przedni czerwony ZT15E,"C-1-01                                                 
Błotnik przedni czerwony ZT15E",20.63
877,ZT15EBIABŁOP,Błotnik przedni biały ZT15E ,"C-1-02                             
Błotnik przedni biały ZT15E ",20.63
878,ZT15EBIAOSLW,Osłona licznika wewnętrzna biały ZT15E,"C-2-01                                         
Osłona licznika wewnętrzna biały ZT15E",20.81
879,ZT15ENIEBOSLIW,Osłona licznika wewnętrzna niebieski ZT15E,"C-2-02                        
Osłona licznika wewnętrzna niebieski ZT15E",20.81
880,ZT15ELPOD,Podłokietnik lewy ZT15E,"C-3-01                        
Podłokietnik lewy ZT15E",68.89
882,ZT15EPLAMP,Lampa przednia ZT15E,"C-4-01-B-01                
Lampa przednia ZT15E
Lampa przednia ZT15D",68.89
883,ZT15ELPRZES,Przełączniki lewe zespolone z dźwignią ham ZT15E,"C-4-02-B-01                             
Przełączniki lewe zespolone z dźwignią hamulca ZT15E",10.66
884,ZT15ELMANE,Manetka lewa ZT15E,"C-4-01-A-01                          
Manetka lewa ZT15E",7.93
885,DRASPS,Schowek pod siedzenie DRACO ,"W-1-01                              
Schowek pod siedzenie DRACO 
Schowek pod siedzenie FASTER",28.6
886,ZT15EPODTRE,Podświetlenie tablicy rejestracyjnej ZT15E ,"C-4-02-A-01                              
Podświetlenie tablicy rejestracyjnej ZT15E ",12.57
887,ZT15ESTELKOB,Stelaż kół balansujących ZT15E,"C-5-01                         
Stelaż kół balansujących ZT15E",8.22
888,ZT63SIEDZ,Siedzisko ZT63,"W-1-02                             
Siedzisko ZT63 ",106.52
889,CRISCPZL,Chrom przedniej lampy CRISTAL,"W-2-02-A-01                         
Chrom przedniej lampy CRISTAL
",7.92
890,CRISTLHAM,Linka hamulcowa tył CRISTAL ,"W-2-01-B-01                
Linka hamulcowa tył CRISTAL ",17.08
891,ZT15ELICZ,Prędkościomierz ZT15E,"C-5-02-A-01                                                                         
Prędkościomierz ZT15E",25.16
892,CRISTLTL,Lampa tył lewa CRISTAL,"W-2-01-A-01                        
Lampa tył lewa CRISTAL",68.9
893,CRISLTPR,Lampa tył prawa CRISTAL ,"W-2-01-A-02                     
Lampa tył prawa CRISTAL ",68.9
894,UNISIM20387,Simmering 20x38x7 uniwersalny ,"C-4-02-A-02                                            
Simmering 20x38x7 uniwersalny
ZT15 ZT63 ZT16 FASTER CRISTAL DRACO",2.65
895,CRISZBZK,Zamek bagażnika z kluczykiem CRISTAL,"W-2-02-B-01                     
Zamek bagażnika z kluczykiem  CRISTAL",2.86
896,ZT15GNI,Gniazdo ładowania ZT15E,"C-4-02-A-03                           
Gniazdo ładowania ZT15E",1.9
898,CRISMANLEWA,Manetka lewa CRISTAL  ,"W-2-02-B-02                      
Manetka lewa CRISTAL  ",8.32
899,CRISTLEWDZHAM,Lewa dźwignia hamulca CRISTAL,"W-2-02-B-03              
Lewa dźwignia hamulca CRISTAL",17.94
900,CRISOSPRZED,Oś przednia CRISTAL ,"W-2-02-B-04                       
Oś przednia CRISTAL ",3.22
901,CRISTPRDZWHA,Prawa dźwignia hamulca CRISTAL,"W-2-02-B-05                
Prawa dźwignia hamulca CRISTAL",10.78
902,CRISPRZZES,Przełącznik zespolony strona lewa CRISTAL ,"W-3-02-A-01                     
Przełącznik zespolony strona lewa CRISTAL ",13.52
903,CRISPRZZPS,Przełącznik zespolone prawa strona CRISTAL ,"W-3-02-A-02                   
Przełącznik zespolone prawa strona CRISTAL ",13.52
904,CRISPREDK,Prędkościomierz CRISTAL ,"W-3-02-A-03                
Prędkościomierz CRISTAL ",34.5
905,FASWSL,Włącznik świateł lewy FASTER,"C-6-01-A-01                              
Włącznik świateł lewy FASTER",0.05
906,CRISKLSPS,Klapa schowka pod siedzeniem CRISTAL ,"W-3-02-B-01                   
Klapa schowka pod siedzeniem CRISTAL ",9.41
907,CRISMOCAK,Mocowanie akumulatorów CRISTAL ,"W-3-02-B-02               
Mocowanie akumulatorów CRISTAL ",4.75
908,ZT15APL,Amortyzator przedni lewy ZT15,"C-6-01-A-02                                          
Amortyzator przedni lewy ZT15",58.5
909,CRISBMSC,Blacha mocująca sterownik CRISTAL ,"W-3-02-B-03                       
Blacha mocująca sterownik CRISTAL ",17.42
910,ZT15MA,Mocowanie akumulatorów ZT15,"C-4-02-A-04                     
Mocowanie akumulatorów ZT15",1.11
911,CRISSYGCOF,Sygnał cofania CRISTAL ,"W-3-02-C-01                 
Sygnał cofania CRISTAL ",8.62
912,CRISKIERLE,Kierunkowskaz lewy przód  CRISTAL ,"W-3-02-C-02                      
Kierunkowskaz lewy przód CRISTAL 
",20.77
913,ZT15PRZ48V,Przetwornica 48V ZT15,"C-6-02-A-01                  
Przetwornica 48V ZT15
Przetwornica 48V Draco",11.9
914,CRISTOSTR,Oświetlenie tablicy rejestracyjnej CRISTAL ,"W-3-02-C-03                
Oświetlenie tablicy rejestracyjnej CRISTAL ",11.48
915,CRISDEK,Dekor przedniej osłony CRISTAL,"W-3-02-C-04                   
Dekor przedniej osłony CRISTAL 
",10.79
916,CRICZAKL,Klapka ładowania czarny CRISTAL,"W-3-02-C-05                      
Klapka ładowania czarny CRISTAL",6.44
917,CRISREKL,Klapka ładowania srebrny CRISTAL,"W-3-02-C-06                     
Klapka ładowania srebrny CRISTAL",6.44
918,CRILADUSB,Ładowarka USB CRISTAL ,"W-3-02-C-07                   
Ładowarka USB CRISTAL ",10.78
919,ZT15ESC,Sygnał cofania ZT15E,"C-4-02-A-05                                          
Sygnał cofania ZT15D
Sygnał cofania ZT15E
Sygnał cofania ZT63
Sygnał cofania Cristal
",3.29
920,CRIDLOP,Dolny łącznik osłony prawy CRISTAL ,"W-3-02-C-08                     
Dolny łącznik osłony prawy CRISTAL ",0.65
921,CRISMOPBDR,Mocowanie przedniego błotnika do ramy CRISTAL ,"W-3-01-A-01                  
Mocowanie przedniego błotnika do ramy CRISTAL ",26.57
922,CRIZBS,Zamek bagażnika siedziska CRISTAL ,"W-3-01-A-02                    
Zamek bagażnika siedziska CRISTAL ",2.86
923,CRIKZSTAC,Komplet zamków stacyjka CRISTAL ,"W-3-01-A-03            
Komplet zamków stacyjka CRISTAL ",45.98
924,CRIRAPL,Ramka portu ładowania CRISTAL ,"W-3-01-A-04              
Ramka portu ładowania CRISTAL ",3.28
925,CRIPRZE60V,Przetwornica 60V CRISTAL ,"W-3-01-A-05             
Przetwornica 60V CRISTAL ",19.77
926,ZT15OD,Odblask tylnego zderzaka ZT15,"C-4-02-A-06                             
Odblask tylnego zderzaka ZT15
",2.74
927,CRISODPNL,Odblask przód na lagach CRISTAL ,"W-3-01-B-01                 
Odblask przód na lagach CRISTAL ",2.74
928,CRIMOCSDR,Mocowanie siedziska do ramy CRISTAL ,"W-3-01-B-02              
Mocowanie siedziska do ramy CRISTAL ",45.11
929,CRRKSMKK,Komplet śrub montażowych kolumny kierowniczej CRIS,"W-3-01-B-03                  
Komplet śrub montażowych kolumny kierowniczej CRISTAL ",6.63
930,CRIKSDMP,Komplet śrub i zaślepek podłokietnik CRISTAL ,"W-3-01-B-04                
Komplet śrub i zaślepek podłokietnik CRISTAL ",6.63
931,ZT15ESTR48V,Sterownik 48V ZT15E,"C-7-01-A-01                                         
Sterownik 48V ZT15E",188.5
932,CRIMOLHPRZ,Mocowanie linki hamulcowej przód CRISTAL ,"W-3-01-B-05              
Mocowanie linki hamulcowej przód CRISTAL ",6.63
933,CRIBIAKL,Klapka ładowania biały CRISTAL ,"W-3-01-B-06              
Klapka ładowania biały CRISTAL",6.44
934,CRIZSP,Zaślepka śrub podłogi CRISTAL,"W-3-01-B-07                                
Zaślepka śrub podłogi CRISTAL",0.65
935,CRIMOCTR,Mocowanie tablicy rejestracyjnej CRISTAL ,"W-3-01-B-08            
Mocowanie tablicy rejestracyjnej CRISTAL ",26.26
936,ZT15LAD48V,Ładowarka 48V ZT15 ,"C-7-02-A-01                        
Ładowarka 48V ZT15 ",48.1
937,UNICZPZ,Przełącznik zespolony części zamienne uniwersalny,"W-3-01-C-01              
Przełącznik zespolony części zamienne uniwersalny
FASTER ZT15 DRACO CRISTAL ",0.65
938,ZT15EPOLP,Półoś prawa ZT15E,"C-8-02                                       
Półoś prawa ZT15E
Półoś prawa ZT15D",0.55
939,UNI12VPRZEK,Przekaźnik 12V - automatyczny włącznik świateł ,"W-3-01-C-02               
Przekaźnik 12V - automatyczny włącznik świateł ",0.65
940,UNIAWS,Automatyczny włącznik świateł(niezidentyfikowany),"W-3-01-C-03              
Automatyczny włącznik świateł(niezidentyfikowany)",0.65
941,ZT15EPOLL,Półoś lewa ZT15E,"C-8-01                                       
Półoś lewa ZT15E
Półoś lewa ZT15D",0.55
942,FASPRZDK,Przewody do kierunkowskazów FASTER ,"W-3-01-C-04             
Przewody do kierunkowskazów FASTER ",0.65
943,ZT15ELHP,Linka hamulca przedniego ZT15E,"D-6-01-A-01                                    
Linka hamulca przedniego ZT15E
Linka hamulca przedniego ZT15D",3.29
944,ZT63CZAPBTC,Przedni błotnik tylna część czarny ZT63,"W-4-01                
Przedni błotnik tylna część czarny ZT63",65.0
945,ZT63CZAOLC,Obudowa lampy czarny ZT63,"W-4-02                     
Obudowa lampy czarny ZT63 ",83.16
946,ZT63CZEROL,Obudowa lampy czerwony ZT63,"W-4-03            
Obudowa lampy czerwony ZT63
",83.16
947,ZT15ENIEPB,Przednik błotnik niebieski ZT15E ,"D-1-01                                           
Przednik błotnik niebieski ZT15E ",20.77
948,ZT15EKT,Koszyk tylny ZT15E,"D-1-02                                            
Koszyk tylny ZT15E",28.08
949,ZT63CZABPCZ,Błotnik przedni część zewnętrzna czarny ZT63,"W-5-01                
Błotnik przedni część zewnętrzna czarny ZT63",65.48
950,ZT63CZEBPCZ,Błotnik przedni część zewnętrzna czerwony ZT63,"W-5-02                       
Błotnik przedni część zewnętrzna czerwony ZT63",65.48
951,ZT63BIABPCZ,Błotnik przedni część zewnętrzna biały ZT63,"W-5-03                  
Błotnik przedni część zewnętrzna biały ZT63",65.48
952,CRISREOL,Osłona lampy srebrny CRISTAL,"W-6-01                  
Osłona lampy srebrny CRISTAL",15.83
953,ZT15CZEREOL,Osłona licznika dolny element czerwony ZT15,"D-2-01                                                   
Osłona licznika dolny element czerwony ZT15",15.34
954,CRIBIAOL,Osłona lampy biały CRISTAL,"W-6-02              
Osłona lampy biały CRISTAL",15.83
955,CRICZAOL,Osłona lampy czarny CRISTAL,"W-6-03                    
Osłona lampy czarny CRISTAL",15.83
956,CRICZAOLICZ,Osłona licznika czarny CRISTAL,"W-6-04             
Osłona licznika czarny CRISTAL",20.8
957,CRISREOLICZ,Osłona licznika srebrny CRISTAL,"W-6-05                  
Osłona licznika srebrny CRISTAL",20.8
958,ZT15BIAOLDE,Osłona licznika dolny element biały ZT15E,"D-2-02                                         
Osłona licznika dolny element biały ZT15E",15.34
959,CRIBIAOLICZ,Osłona licznika biały CRISTAL,"W-5-04              
Osłona licznika biały CRISTAL",20.8
960,ZT15CZEROLWE,Osłona licznika wewnętrzny element czerwony ZT15E,"B-3-02                            
Osłona licznika wewnętrzny element czerwony ZT15E",20.81
961,ZT15DPRED,Prędkościomierz ZT15D,"W-3-01-C-05                    
Prędkościomierz ZT15D ",25.16
962,ZT15ENIEOLDE,Osłona licznika dolny element niebieski ZT15E ,"D-2-03                                                
Osłona licznika dolny element niebieski ZT15E ",15.34
963,ZT16TOZD,Tylna opona z dętką ZT16 ,"W-7-01                
Tylna opona z dętką ZT16 ",51.16
964,ZT16FZOZT,Felga z oponą i tarczą ZT16,"W-7-02              
Felga z oponą i tarczą ZT16",19.5
965,ZT16SILNIK,Silnik ZT16 ,"W-8-01               
Silnik ZT16 ",341.9
966,ZT15ENIEPP,Przednia pokrywa (trójkąt) niebieski ZT15E,"D-3-01                                   
Przednia pokrywa (trójkąt) niebieski ZT15E",17.54
967,ZT16FT,Felga tylna ZT16,"W-8-02                            
Felga tylna ZT16",19.5
968,ZT15ECZERPP,Przednia pokrywa (trójkąt) czerwony ZT15E,"D-3-02                              
Przednia pokrywa (trójkąt) czerwony ZT15E",17.54
969,FASZDTYL,Zderzak tylny plastik czarny FASTER DRACO,"V-1-01            
Zderzak tylny plastik czarny FASTER 
Zderzak tylny DRACO ",12.61
970,FASNIEBPG,Bagażnik pokrywa górna niebieski FASTER DRACO,"V-1-02               
Bagażnik pokrywa górna niebieski FASTER DRACO
",58.5
971,ZT63CZATOG,Tylna osłona głowna czarny ZT63,"V-2-01                   
Tylna osłona głowna czarny ZT63",98.29
972,ZT63BIATOG,Tylna osłona głowna biały ZT63,"V-2-02                            
Tylna osłona głowna biały ZT63",98.29
973,ZT63CZETOG,Tylna osłona głowna czerwony ZT63,"V-2-03                
Tylna osłona głowna czerwony ZT63
",98.29
974,ZT15DPTR,Podświetlenie tablicy rejestracyjnej ZT15D,"D-4-01-B-01                                            
Podświetlenie tablicy rejestracyjnej ZT15D",12.57
975,DRACZEBP,Błotnik przedni czerwony DRACO,"V-3-01              
Błotnik przedni czerwony DRACO",0.65
976,ZT16PODPL,Podłoga plastik ZT16 ,"V-3-02                  
Podłoga plastik ZT16 ",131.3
977,ZT63BIAPBTC,Przedni błotnik tylna część biały ZT63,"V-4-01                      
Przedni błotnik tylna część biały ZT63 ",65.48
978,ZT63CZEPBTC,Przedni błotnik tylna część czerwony ZT63 ,"V-4-02              
Przedni błotnik tylna część czerwony ZT63 ",65.48
980,ZT15EAT,Amortyzator tylny ZT15E,"D-4-01-A-01                                    
Amortyzator tylny ZT15E",17.62
981,ZT63DOR,Dolna osłona ramy ZT63 ,"V-4-03             
Dolna osłona ramy ZT63 ",0.65
982,ZT63BIAOL,Osłona lampy biały ZT63 ,"V-4-04                  
Osłona lampy biały ZT63 
",83.16
983,ZT15BIAPP,Przednia pokrywa (trójkąt) biały ZT15E,"D-4-02                                                  
Przednia pokrywa (trójkąt) BIAŁY ZT15E",17.54
984,ZT63CZABT,Górny element bagażnika czarny ZTECH ZT63 ,"V-5-01            
Górny element bagażnika czarny ZTECH ZT63 ",71.5
985,ZT15EPP,Podłokietnik prawy ZT15E ,"D-5-01                                                  
Podłokietnik prawy ZT15E ",24.6
986,ZT63BIABT,Górny element bagażnika biały ZT63,"V-5-02              
Górny element bagażnika biały ZT63",65.0
987,UNIZSTK,Zaślepka śruby tylnego koła uniweraslny,"D-4-01-B-03                                       
Zaślepka śruby tylnego koła uniweraslny",1.69
988,ZT63BIABO,Boczna osłona prawa biały ZT63,"V-6-01          
Boczna osłona prawa biały ZT63",0.65
989,ZT63CZABOC,Boczna osłona prawa czarny ZT63,"V-6-02              
Boczna osłona prawa czarny ZT63",0.65
991,CRIBIATO,Tylna osłona biały CRISTAL,"V-6-04            
Tylna osłona biały CRISTAL",89.57
992,ZT15EPZRF,Plastikowa zaślepka regulacji fotela ZT15E,"D-4-01-B-04                                         
Plastikowa zaślepka regulacji fotela ZT15E",0.65
993,FASSZABPG,Bagażnik pokrywa górna szary FASTER DRACO,"V-7-01                              
Bagażnik pokrywa górna szary FASTER DRACO ",58.5
994,ZT15EZM,Zestaw montażowy ZT15E,"D-4-01-B-05                                       
Zestaw montażowy ZT15E",26.23
995,ZT15ERS,Rama siedziska ZT15E ,"D-7-01                                 
Rama siedziska ZT15E ",65.6
996,FASNIEDEK,Dolny element kufra niebieski FASTER,"V-7-02              
Dolny element kufra niebieski FASTER",58.5
997,ZT15ZTB,Zamek tylnego bagażnika ZT15E,"D-4-01-B-06                                                  
Zamek tylnego bagażnika ZT15E",3.29
998,FASCZEBP,Bagażnik pokrywa górna czerwony FASTER DRACO,"U-1-01               
Bagażnik pokrywa górna czerwony FASTER DRACO",58.5
999,ZT15TW,Tylny wahacz ZT15E,"D-7-02                                            
Tylny wahacz ZT15E",0.65
1000,FASCZERBAG,Bagażnik dolny element czerwony FASTER DRACO,"U-1-02            
Bagażnik dolny element czerwony FASTER DRACO",58.5
1001,ZT15EKK,Kolumna kierownicy ZT15E,"D-8-02                                              
Kolumna kierownicy ZT15E",26.23
1002,ZT15EMOS,Most ZT15E,"D-8-01                                             
Most ZT15E",156.0
1003,CRIBPS,Bagażnik pod siedzeniem CRISTAL ,"U-2-01            
Bagażnik pod siedzeniem CRISTAL ",24.96
1004,ZT15EHM,Hamulec magnetyczny ZT15E ,"D-6-02-A-01                                 
Hamulec magnetyczny ZT15E ",78.53
1005,DRAZPPK,Wewnętrzna pokrywa pod kierownicą DRACO FASTER,"U-2-02                   
Wewnętrzna pokrywa pod kierownicą DRACO FASTER",15.85
1006,DRANIEPB,Przedni błotnik niebieski DRACO,"U-3-01            
Przedni błotnik niebieski DRACO",0.65
1007,DRACZAPB,Przedni błotnik czarny DRACO,"U-3-02             
Przedni błotnik czarny DRACO",0.65
1008,ZT15EBIAPOG,Przednia osłona główna biały ZT15E,"E-1-01                                    
Przednia osłona główna biały ZT15E",38.08
1009,DRASREPB,Przedni błotnik srebrny DRACO,"U-3-03              
Przedni błotnik srebrny DRACO",0.65
1010,ZT15ENIEPOG,Przednia osłona główna niebieski ZT15E,"E-1-02                                              
Przednia osłona główna niebieski ZT15E",38.08
1011,FASOSLICZP,Osłona licznika czarny plastik FASTER DRACO ,"U-4-01                    
Osłona licznika czarny plastik FASTER DRACO ",22.1
1012,ZT15EPOD,Podłoga ZT15E   ,"E-2-01                        
Podłoga ZT15E                                    
",19.03
1013,ZT15EZPK,Wewnętrzna pokrywa kierownicy ZT15E,"E-2-02                                         
Wewnętrzna pokrywa kierownicy ZT15E",13.88
1014,UNIO3.0-10,Opona 3.0-10 uniwersalny,"E-3-01                     
Opona 3.0-10 uniwersalny",38.08
1015,FASPOD,Podłoga FASTER DRACO ,"U-5-01                
Podłoga FASTER DRACO ",21.48
1016,ZT63EZBTOS,Element zamknięcia bagażnika ZT63(toster),"U-5-02             
Element zamknięcia bagażnika ZT63(toster)",0.62
1017,FASPNN,Pojemnik na napój FASTER,"E-4-01-A-01                                      
Pojemnik na napój FASTER
Pojemnik na napój DRACO",7.87
1018,ZT16POZD,Przednia Opona z dętką ZT16,"U-5-03                       
Przednia Opona z dętką ZT16",79.79
1019,ZT63OPS,Osłona pod siedzeniem Czarny Mat ZT63,"U-6-01                         
Osłona pod siedzeniem Czarny Mat ZT63",0.65
1020,FASSYGC,Sygnał cofania FASTER,"E-4-02-A-01                                        
Sygnał cofania FASTER ",7.15
1021,DRAWB,Wewnętrzny błotnik czarny mat DRACO,"U-6-02                  
Wewnętrzny błotnik czarny mat DRACO",0.65
1022,CRICZABPE,Błotnik przedni element czarny CRISTAL,"U-6-03                        
Błotnik przedni element czarny CRISTAL",29.91
1023,FASPZK,Przycisk zmiany kierunku FASTER,"E-4-02-A-02                                        
Przycisk zmiany kierunku FASTER",5.23
1024,FASSZABAG,Bagażnik dolny element szary FASTER DRACO,"U-7-01            
Bagażnik dolny element szary FASTER DRACO",58.5
1025,FASCZABAG,Bagażnik dolny element czarny FASTER DRACO,"T-1-02            
Bagażnik dolny element czarny FASTER DRACO ",58.5
1026,ZT63PRZEDL,Przednia lampa ZT63,"E-5-01-A-01                                    
Przednia lampa ZT63",165.04
1027,CRIWPPK,Wewnętrzna pokrywa pod kierownicą CRISTAL,"U-7-02                                 
Wewnętrzna pokrywa pod kierownicą CRISTAL",0.65
1028,ZT63C,Czarny plastik bagażnika ZT63,"A-5-03                                          
Plastik bagażnika  czarny ZT63",0.65
1029,FASCZABPG,Bagażnik pokrywa górna czarny FASTER DRACO,"T-1-01                         
Bagażnik pokrywa górna czarny FASTER DRACO",58.5
1030,ZT63BTS,Błotnik tylny środek ZT63,"E-5-01-A-02                              
Błotnik tylny środek ZT63",0.65
1031,ZT63STER,Sterownik ZT63,"E-5-02-A-01                                        
Sterownik ZT63",104.39
1032,ZT15EKPS,Kosz pod siedzeniem ZT15E,"H-1-01                                                
Kosz pod siedzeniem ZT15E",20.77
1033,ZT63STAC,Stacyjka ZT63,"E-5-02-A-02                                            
Stacyjka ZT63",0.65
1034,FASCZEOL,Osłona lampy czerwony FASTER DRACO,"T-2-02                               
Osłona lampy czerwony FASTER
Osłona lampy czerwony DRACO",39.0
1035,ZT63CZABOPR,Boczna osłona prawa czarny ZT63  ,"T-3-01            
Boczna osłona prawa czarny ZT63                   
",0.65
1037,ZT63BIABOL,Boczna osłona lewa biały ZT63,"T-3-02                          
Boczna osłona lewa biały ZT63",0.65
1038,ZT63POLL,Półoś lewa ZT63 ,"E-6-01                             
Półoś lewa ZT63 ",59.8
1039,ZT63CZEBOL,Boczna osłona czerwony lewa ZT63,"T-3-03                          
Boczna osłona czerwony lewa ZT63",0.65
1040,ZT63CZABOL,Boczna osłona czarny lewa ZT63,"T-3-04                          
Boczna osłona czarny lewa ZT63",0.65
1041,ZT63POLP,Półoś prawa ZT63,"E-6-02                                        
Półoś prawa ZT63",59.8
1042,FASNLT,Nadkole lewy tył FASTER,"F-4-01-A-01                                        
Nadkole lewy tył FASTER
Nadkole lewy tył DRACO",5.98
1043,ZT15ENIETO,Tylna osłona niebieski ZT15E,"F-1-02                                    
Tylna osłona niebieski ZT15E",80.48
1044,FASCZAOL,Osłona lampy czarny FASTER DRACO,"S-3-04                                             
Osłona lampy czarny FASTER
Osłona lampy czarny DRACO",39.0
1045,ZT63BIAGEBZ,Górny element bagażnika biały z odblask ZTECH ZT63,"T-4-02                                     
Górny element bagażnika biały z odblaskiem ZTECH ZT63",65.0
1046,ZT15ECZERPOG,Przednia osłona główna czerwony ZT15E,"M-1-01                                                            
Przednia osłona główna czerwony ZT15E",80.98
1048,ZT15PKW,Pokrywa kierownicy wewnętrzna ZT15E,"F-2-01                                       
Pokrywa kierownicy wewnętrzna ZT15E",19.29
1049,ZT16GD,Gumowy dywanik ZT16,"T-6-01                                 
Gumowy dywanik ZT16",52.0
1050,CRISREBPE,Błotnik przedni element srebrny CRISTAL,"T-4-03                            
Błotnik przedni element srebrny CRISTAL",29.91
1051,ZT15EOPPP,Osłona pod przednim panelem ZT15E,"F-2-02                                                  
Osłona pod przednim panelem ZT15E",9.02
1052,DRANIEOL,Osłona lampy niebieski FASTER DRACO,"C1-1-01               
Osłona lampy niebieski FASTER            
Osłona lampy niebieski DRACO",39.0
1053,FASMANP,Manetka prawa FASTER ,"F-4-02-A-01                                       
Manetka prawa FASTER ",28.6
1054,FASSZAOL,Osłona lampy szary FASTER DRACO,"B1-1-02                                            
Osłona lampy szary FASTER
Osłona lampy szary DRACO",39.0
1055,ZT63CZABTL,Błotnik tylny lewy czarny ZT63,"T-5-03                     
Błotnik tylny lewy czarny ZT63",42.9
1056,ZT63CZABTP,Błotnik tylny prawy czarny ZT63,"T-5-04                      
Błotnik tylny prawy czarny ZT63",41.6
1057,ZT63CZEBTL,Błotnik tylny lewy czerwony ZT63,"T-5-05                    
Błotnik tylny lewy czerwony ZT63",41.6
1058,ZT63CZEBTP,Błotnik tylny prawy czerwony ZT63,"T-6-02                    
Błotnik tylny prawy czerwony ZT63",41.6
1059,ZT63,Przełącznik zespolony lewy ZT63 NM,"F-5-01-A-01                                            
Przełącznik zespolony lewy ZT63 nowy model",0.65
1060,ZT63BIABLTY,Błotnik tylny biały ZTECH ZT63,"T-6-03                    
Błotnik tylny biały ZTECH ZT63",41.6
1061,ZT63CZABTTY,Błotnik tylny czarny ZTECH ZT63,"T-6-04                            
Błotnik tylny czarny ZTECH ZT63",41.6
1062,ZT63MANL,Manetka lewa ZT63,"F-5-01-B-01                                 
Manetka lewa ZT63",8.58
1063,FASKBLIT,Koszyk bateria litowa FASTER,"F-3-02                                
Koszyk bateria litowa FASTER

",21.53
1064,UNIPASY,Pasy bezpieczeństwa uniwersalny,"T-7-02                       
Pasy bezpieczeństwa uniwersalny
DRACO FASTER ZT15 CRISTAL FROST",0.65
1065,ZT63PZP,Przełącznik zespolony prawy ZT63 NW,"F-5-01-A-02                                    
Przełącznik zespolony prawy ZT63 nowy model",0.65
1066,ZT63ZDK,Zamek do kufra ZT63,"F-5-01-B-02                                                
Zamek do kufra ZT63",0.65
1067,CRIWE,Wiązka elektryczna CRSITAL ,"Q-2-01-A-01                            
Wiązka elektryczna CRSITAL ",70.81
1068,ZT63PZL,Przełącznik zespolony lewy ZT63 SM,"F-5-01-B-03                             
Przełącznik zespolony lewy ZT63 stary model ",0.65
1069,CRIGPZ,Główny przewód zasilający(kostka) CRISTAL,"Q-2-01-A-02                              
Główny przewód zasilający(kostka) CRISTAL",18.2
1070,ZT63MOCA,Mocowanie akumulatorów ZT63,"F-5-02-A-01                        
Mocowanie akumulatorów ZT63",14.95
1071,CRIPRZAKU,Przewód akumulatora CRSITAL,"Q-2-01-A-03                        
Przewód akumulatora CRSITAL",0.39
1072,UNIZAR,Żarówki 12V uniwersalny,"F-5-02-A-02                        
Żarówki 12V uniwersalny                   
",0.65
1073,UNISIM20427,Simmering 20x42x7 uniwersalny,"F-5-01-B-04                                
Simmering 20x42x7 uniwersalny",2.91
1074,CRIZVIN,Zaślepka VIN CRSITAL ,"Q-2-01-B-01                                        
Zaślepka VIN CRSITAL                      ",0.26
1075,CRIMPS,Mocowanie pokrywy schowka CRISTAL,"Q-2-01-B-02                                         
Mocowanie pokrywy schowka CRISTAL",0.07
1076,CRIHNZ,Haczyk na zakupy CRISTAL,"Q-2-01-B-03                               
Haczyk na zakupy CRISTAL",0.2
1077,ZT63PODT,Podnóżek tylny prawy ZT63,"F-5-01-B-05                               
Podnóżek tylny prawy ZT63",0.65
1078,CRIGLZP,Gniazdo ładowania z przewodem CRISTAL,"Q-2-01-B-04                                     
Gniazdo ładowania z przewodem CRISTAL",2.69
1079,ZT63ZESMDK,Zestaw montażowy do kufra ZT63 NM,"F-5-01-B-06                            
Zestaw montażowy do kufra ZT63 nowy model",7.15
1080,UNIPRZAKUG,Przewód akumulatora główny uniwersny,"Q-2-01-B-05                
Przewód akumulatora główny uniwersny
ZT15 FASTER DRACO ZT63                 ",0.39
1081,UNIZARLED,Żarówki LED uniwersalny,"F-5-02-A-06                                   
Żarówki LED uniwersalny",0.65
1082,UNIZARDK,Żarówki do kierunkowskazów uniwersalny,"F-5-02-A-05                                            
Żarówki do kierunkowskazów uniwersalny",0.65
1083,ZT16CZAPW,Przedni widelec czarny ZT16,"Q-2-02-A-01                      
Przedni widelec czarny ZT16",45.5
1084,ZT16SREPW,Przedni widelec srebrny ZT16,"Q-2-02-A-02                      
Przedni widelec srebrny ZT16",45.5
1085,ZT16CZEPW,Przedni widelec czerwony ZT16,"Q-2-02-A-03                      
Przedni widelec czerwony ZT16",45.5
1086,ZT15DYS,Dystans ZT15,"F-5-02-A-04                              
Dystans ZT15",0.65
1087,ZT63HANZ,Haczyk na zakupy ZT63,"F-5-02-B-01                                            
Haczyk na zakupy ZT63",20.15
1088,ZT15KOST,Kółka stabilizujące tylne ZT15,"F-5-02-A-03                                                       
Kółka stabilizujące tylne ZT15",0.65
1089,ZT63WPK,Wewnętrzna pokrywa kierownicy ZT63,"Q-1-01                               
Wewnętrzna pokrywa kierownicy ZT63",98.29
1090,ZT63PODTL,Podnóżek tyny lewy ZT63,"F-5-02-B-02                                 
Podnóżek tyny lewy ZT63",0.65
1091,ZT63BPS,Bagażnik pod siedzeniem ZT63,"Q-1-02                               
Bagażnik pod siedzeniem ZT63",0.65
1092,ZT63ZBPS,Zamek bagażnika pod siedzeniem ZT63,"F-5-02-B-03                                             
Zamek bagażnika pod siedzeniem ZT63
",0.65
1093,ZT63BTYS,Błotnik tył środkowy ZT63    ,"Q-1-03                             
Błotnik tył środkowy ZT63     ",31.38
1094,ZT63PO,Przednia osłona czerwony ZT63,"Q-3-01                               
Przednia osłona czerwony ZT63",81.89
1095,ZT63GNIL,Gniazdo ładowania ZT63,"F-5-02-B-04                                     
Gniazdo ładowania ZT63",2.09
1096,ZT63CZAPO,Przednia osłona czarny ZT63,"Q-3-02               
Przednia osłona czarny ZT63",81.89
1097,ZT63BIADEB,Dolny element bagażnika biały ZTECH ZT63,"Q-4-01                               
Dolny element bagażnika biały ZTECH ZT63",65.0
1098,ZT63PRZP,Przełącznik zespolony prawy ZT63 SM,"H-7-01-B-01                                          
Przełącznik zespolony prawy ZT63 stary model",0.65
1099,UNISIM20357,Simmering 20x35x7 uniwersalny,"F-5-02-B-06                                   
Simmering 20x35x7 uniwersalny",3.13
1100,ZT63CZADEB,Dolny element bagażnika czarny ZT63 ,"Q-4-02         
Dolny element bagażnika czarny ZT63 ",65.0
1101,ZT63ZVIN,Zaślepka VIN ZT63 ,"F-5-02-B-07                                    
Zaślepka VIN ZT63 ",0.05
1102,ZT63CZAPTP,Prawa tylna pokrywa czarny ZT63,"Q-4-03              
Prawa tylna pokrywa czarny ZT63",0.65
1103,FASKPP,Kierunkowskaz przedni prawy FASTER,"F-6-01-B-01                                      
Kierunkowskaz przedni prawy FASTER",13.65
1104,ZT63LTP,Lewa tylna pokrywa czarny ZT63,"Q-4-04                         
Lewa tylna pokrywa czarny ZT63",0.65
1105,CRIKK,Kolumna kierownicza CRISTAL,"Q-5-01-A-01                           
Kolumna kierownicza CRISTAL",50.45
1106,CRIBPZS,Bęben przedni ze ślimakiem CRISTAL,"Q-5-01-A-02                               
Bęben przedni ze ślimakiem CRISTAL",0.65
1107,ZT16FDD,Fotelik dla dziecka ZT16,"Q-5-02-A-01                              
Fotelik dla dziecka ZT16",0.65
1108,FASKIPL,Kierunkowskaz przedni lewy FASTER,"F-6-02-A-01                                                           
Kierunkowskaz przedni lewy FASTER",13.65
1109,CRISFT,Felga tylna CRISTAL ,"Q-6-01          
Felga tylna CRISTAL ",173.97
1110,ZT16SRERG,Rama główna srebrny ZT16,"Q-6-02-A-01                           
Rama główna srebrny ZT16",0.65
1111,UNIEBPP,Boczek podłokietnika prawy srebrny uniwersalny,"F-6-02-B-01                      
Boczek podłokietnika prawy srebrny uniwersalny",0.65
1112,CRIFP,Felga przednia CRISTAL,"Q-6-03                   
Felga przednia CRISTAL",87.1
1113,DRATW,Tylny wahacz DRACO,"Q-7-01                        
Tylny wahacz DRACO",49.27
1114,CRITW,Tylny Wahacz CRISTAL,"Q-7-02                           
Tylny Wahacz CRISTAL",43.99
1115,UNIBLPS,Boczek podłokietnika lewy srebrny uniwersalny,"F-6-02-B-02                                                               
Boczek podłokietnika lewy srebrny uniwersalny",0.65
1116,DRAKK,Kolumna kierownicy DRACO,"Q-8-01                       
Kolumna kierownicy DRACO",32.89
1117,CRISIL,Silnik CRISTAL,"Q-8-02                            
Silnik CRISTAL",204.75
1118,CRIDYF,Dyferencjał CRISTAL,"Q-8-03                         
Dyferencjał CRISTAL",204.75
1119,ZT15EBIAZT,Zderzak tylny biały ZT15E,"G-1-01                                                                                       
Zderzak tylny biały ZT15E",30.17
1120,ZT63POD,Podłoga ZT63,"R-1-01                                    
Podłoga ZT63",0.65
1121,ZT15ECZERZT,Zderzak tylny czerwony ZT15E,"G-1-02                                     
Zderzak tylny czerwony ZT15E",30.17
1122,FASWOKK,Wewnętrzna osłona kolumny kierowniczej FASTER,"R-1-02                     
Wewnętrzna osłona kolumny kierowniczej FASTER",9.65
1123,ZT63LICZ,Licznik ZT63 NM,"G-3-02-A-01                                                    
Licznik ZT63 nowy model",19.16
1124,ZT16LAD,Ładowarka ZT16,"R-2-01-B-01                      
Ładowarka ZT16",85.54
1125,ZT63LICZST,Licznik ZT63 SM,"G-3-02-A-02                
Licznik ZT63 stary model",19.16
1126,ZT16O,Oparcie ZT16,"R-2-02-A-01                                
Oparcie ZT16",22.75
1127,ZT16CZAPB,Przedni błotnik czarny ZT16,"R-2-01-A-01                                  
Przedni błotnik czarny ZT16",17.11
1128,ZT16CZEPB,Przedni błotnik czerwony ZT16,"R-2-01-A-02                                  
Przedni błotnik czerwony ZT16",17.11
1129,ZT16SREPB,Przedni błotnik srebrny ZT16,"R-2-01-A-03                                  
Przedni błotnik srebrny ZT16",17.11
1130,UNISZDP,Szybkozłączka do przewodów uniwersalny,"G-4-02-A-01                                 
Szybkozłączka do przewodów uniwersalny                                   ",0.65
1131,ZT16SIE,Siedzenie ZT16,"G-2-01               
Siedzenie ZT16",22.75
1132,UNIWENZ,Wentyl zagięty uniwersalny,"G-4-02-A-02                                    
Wentyl zagięty uniwersalny

",0.65
1133,ZT63BIAPO,Przednia osłona biały ZT63,"R-3-01                             
Przednia osłona biały ZT63",81.89
1134,FASPRZUH,Przedni układ hamulcowy FASTER,"G-3-01-A-01    
Przedni układ hamulcowy FASTER",22.85
1135,ZT63POTT,Podstawa bagażnika tył(toster) ZT63,"R-3-02                              
Podstawa bagażnika tył(toster) ZT63",0.65
1136,ZT63CZEBT,Górny element bagażnika czerwony ZTECH ZT63 ,"R-4-01            
Górny element bagażnika czerwony ZTECH ZT63 ",71.5
1137,ZT63CZEDEB,Dolny element bagażnika czerwony ZTECH ZT63,"R-4-02                         
Dolny element bagażnika czerwony ZTECH ZT63",65.0
1138,ZT63CZELTP,Lewa tylna pokrywa czerwony ZT63,"R-4-03     
Lewa tylna pokrywa czerwony ZT63",0.65
1139,ZT63CZEPTP,Prawa tylna pokrywa czerwony ZT63,"R-4-04     
Prawa tylna pokrywa czerwony ZT63",0.65
1140,ZT63CZAPBT,Pokrywa bagażnika(toster) czarny ZT63,"R-5-01                  
Pokrywa bagażnika(toster) czarny ZT63",0.65
1141,ZT15SRMS,Śruba montażowa stabilizująca ZT15,"G-4-02-A-03                                  
Śruba montażowa stabilizująca ZT15                                 
",0.65
1142,ZT63BIAPBT,Pokrywa bagażnika(toster) biały ZT63,"R-5-02                            
Pokrywa bagażnika(toster) biały ZT63",0.65
1143,ZT63CZEPBT,Pokrywa bagażnika(toster) czerwony ZT63,"R-5-03                            
Pokrywa bagażnika(toster) czerwony ZT63",0.65
1144,FASZAM,Zamek bagażnika FASTER,"G-4-01-A-01                           
Zamek bagażnika FASTER
Zamek bagażnika DRACO",3.61
1145,ZT63BIAPTP,Prawa tylna pokrywa biały ZT63,"R-5-04                          
Prawa tylna pokrywa biały ZT63",0.65
1146,ZT63BIALTP,Lewa tylna pokrywa biały ZT63,"R-5-05                          
Lewa tylna pokrywa biały ZT63",0.65
1147,CRISOP,Oparcie CRISTAL,"R-6-01                 
Oparcie CRISTAL     ",142.32
1148,FASMANL,Manetka lewa FASTER,"G-4-01-A-02                                  
Manetka lewa FASTER
Manetka lewa DRACO",17.45
1149,ZT16CZARG,Rama główna czarny ZT16,"R-6-02-A-01                                   
Rama główna czarny ZT16",0.65
1150,FASRYGZA,Rygiel zamka FASTER,"G-4-01-A-03                                   
Rygiel zamka FASTER",0.65
1151,ZT16CZERG,Rama główna czerwony ZT16,"R-7-01-A-01                              
Rama główna czerwony ZT16",0.65
1152,CRILAD60V,Ładowarka 60v CRISTAL,"R-7-02-A-01                      
Ładowarka 60v CRISTAL",156.0
1153,CRIPRPOL,Prawa półoś CRISTAL,"R-8-01                    
Prawa półoś CRISTAL",83.5
1154,ZT63MOCBAG,Mocowanie bagażnika (toster) ZT63,"G-5-01                                    
Mocowanie bagażnika (toster) ZT63",16.45
1155,ZT16RSS,Rura stelaża siodła ZT16,"R-8-02-B-01                       
Rura stelaża siodła ZT16",0.65
1156,ZT63MOCB,Mocowanie bagażnika(kufer) stary model ZT63,"G-5-02                           
Mocowanie bagażnika(kufer) stary model ZT63",16.45
1157,ZT16EMKK,Element montażowy kolumny kierowniczej ZT16,"R-8-02-B-02               
Element montażowy kolumny kierowniczej ZT16",6.63
1158,FASKIER,Kierownica FASTER,"G-6-01-A-01                     
Kierownica FASTER
Kierownica DRACO",15.7
1159,ZT16OS,Obejma siodełka ZT16,"R-8-02-B-03                        
Obejma siodełka ZT16",11.44
1160,ZT63KIER,Kierownica ZT63 rocznik 2020,"G-6-02                                 
Kierownica ZT63 rocznik 2020",37.05
1161,ZT16LL,Lampa tylna ZT16,"R-8-02-A-01                          
Lampa tylna ZT16",28.6
1163,ZT16ZHTL,Zaciski hamulcowe tył lewy ZT16,"R-8-02-A-02                  
Zaciski hamulcowe tył lewy ZT16",22.75
1164,ZT63PAL,Przedni amortyzator lewy ZT63 ,"G-7-01-A-01                              
Przedni amortyzator lewy ZT63 ",20.15
1165,ZT63PAP,Przedni amortyzator prawy ZT63 ,"G-7-01-A-02                           
Przedni amortyzator prawy ZT63 ",20.15
1166,ZT63LINH,Linka hamulcowa ZT63,"G-7-01-B-01                               
Linka hamulcowa ZT63",0.65
1167,ZT63WIELE,Wiązka elektryczna ZT63,"G-7-02-A-01                               
Wiązka elektryczna ZT63",54.13
1168,ZT16ZHTP,Zaciski hamulcowe tył prawy ZT16,"R-8-02-A-03                 
Zaciski hamulcowe tył prawy ZT16",22.75
1169,ZT63SIL,Silnik ZT63,"G-8-01                    
Silnik ZT63",182.0
1170,ZT63MOCLI,Mocowanie licznika ZT63,"G-7-02-B-02                                     
Mocowanie licznika ZT63",19.84
1171,ZT63SPK,Śruba przedniego koła ZT63 SM,"G-7-02-B-03                                         
Śruba przedniego koła ZT63 stary model                                        
",0.65
1172,ZT63SPKNM,Śruba przedniego koła ZT63 NM,"G-7-02-B-01                                   
Śruba przedniego koła ZT63 nowy model",0.65
1173,FASCZEPP,Panel przedni czerwony FASTER DRACO,"S-1-01                               
Panel przedni czerwony FASTER DRACO",75.79
1174,FASPRZHAM,Przewód hamulcowy FASTER,"G-7-02-B-04                                        
Przewód hamulcowy FASTER",22.88
1175,FASNIEPP,Panel przedni niebieski FASTER DRACO,"S-1-02                               
Panel przedni niebieski FASTER DRACO",75.79
1176,ZT63UCHPH,Uchwyt przewodu hamulca ZT63 ,"G-7-02-B-05                                             
Uchwyt przewodu hamulca ZT63 ",30.55
1177,ZT63FELG,Felga przednia ZT63   ,"H-8-01                                                                                              
Felga przednia ZT63               ",76.69
1178,ZT63FELGT,Felga tył ZT63,"H-8-02         
Felga tył ZT63",76.69
1179,ZT16SO,Stelaż oparcia ZT16,"S-2-01-A-01                     
Stelaż oparcia ZT16",0.65
1180,ZT16LK,Łącznik kierownicy ZT16  ,"S-2-02-A-01                    
Łącznik kierownicy ZT16  
",31.46
1181,ZT63FELTNM,Felga tył ZT63 NM,"H-8-03                                                  
Felga tył ZT63 nowy model",95.81
1182,ZT16UDFDD,Uchwyt do fotelika dla dziecka ZT16,"S-2-02-A-02                         
Uchwyt do fotelika dla dziecka ZT16",0.65
1183,ZT63PRZWID,Przedni widelec ZT63,"H-5-01                                         
Przedni widelec ZT63",50.05
1184,ZT16LHTK,Linka hamulcowa tył krótka ZT16,"S-2-02-B-02                 
Linka hamulcowa tył krótka ZT16",12.58
1185,ZT63THP,Tarcza hamulcowa przednia ZT63,"H-4-01                                          
Tarcza hamulcowa przednia ZT63",13.26
1186,ZT16LHTD,Linka hamulcowa tył długa ZT16,"S-2-02-B-03                 
Linka hamulcowa tył długa ZT16",12.58
1187,ZT63KK,Kolumna kierownicza ZT63          ,"H-4-02                                      
Kolumna kierownicza ZT63          ",36.05
1188,ZT63WAT,Wahacz tył ZT63,"H-4-03                                                 
Wahacz tył ZT63",46.61
1189,ZT63DYF,Dyferencjał ZT63,"H-3-02-A-01                                            
Dyferencjał ZT63",167.6
1190,ZT63ZHP,Zestaw hamulca przedniego ZT63,"H-3-01-A-01                                                                                              
Zestaw hamulca przedniego ZT63",0.65
1191,ZT16WE,Wiązka elektryczna ZT16,"S-2-02-B-01                        
Wiązka elektryczna ZT16",37.61
1192,UNISPH,Śruba przewodu hamulcowego uniwersalny,"G-4-02-A-04                                      
Śruba przewodu hamulcowego uniwersalny",0.65
1193,ZT15ENIEZTN,Zderzak tył niebieski ZT15E,"H-2-01                                        
Zderzak tył niebieski ZT15E",30.17
1194,ZT15DCZEBP,Błotnik przedni czerwony ZT15D,"H-2-02                                                                                  
Błotnik przedni czerwony ZT15D",34.52
1195,ZT15DNIEBP,Błotnik przedni niebieski ZT15D,"H-2-03                                             
Błotnik przedni niebieski ZT15D",34.52
1196,ZT63CZAGEBZ,Górny element bagażnika czarny z odbla ZTECH ZT63 ,"S-3-01                            
Górny element bagażnika czarny z odblaskiem ZTECH ZT63 ",71.5
1197,ZT15DBIABP,Błotnik przedni biały ZT15D,"H-2-04                                     
Błotnik przedni biały ZT15D",34.52
1198,ZT63CZEGEBZ,Górny element bagażnika czerwony z odb ZTECH ZT63 ,"S-3-02                        
Górny element bagażnika czerwony z odblaskiem ZTECH ZT63 ",71.5
1199,ZT63DEBZ,Dolny element bagażnika z odblaskiem ZTECH ZT63,"S-3-03                       
Dolny element bagażnika z odblaskiem ZTECH ZT63",71.5
1200,CRIPL,Przednia lampa CRISTAL,"S-4-01-A-01                   
Przednia lampa CRISTAL",100.26
1201,ZT15ECZEROPS,Osłona pod siedzeniem tylna czerwony ZT15D,"H-1-02                                                        
Osłona pod siedzeniem tylna czerwony ZT15D",89.18
1202,CRILTS,Lampa tył środkowa CRISTAL,"S-4-01-A-02            
Lampa tył środkowa CRISTAL",55.9
1203,ZT16SS,Stelaż siodła ZT16,"S-4-02-A-01                   
Stelaż siodła ZT16       ",28.6
1204,ZT15EOPA,Oparcie ZT15E,"I-2-01                                            
Oparcie ZT15E",25.03
1205,CRISIE,Siedzisko CRISTAL,"S-5-01               
Siedzisko CRISTAL",142.56
1206,CRIPOD,Podłoga CRISTAL,"S-5-02                   
Podłoga CRISTAL",96.59
1207,ZT15ESIE,Siedzisko ZT15E,"I-2-02                                         
Siedzisko ZT15E",58.67
1208,ZT16PZ,Przewód zasilający ZT16,"S-6-01-A-01                
Przewód zasilający ZT16
",12.58
1209,FASLAD60,Ładowarka 60V FASTER ,"I-3-01                                                                                                         
Ładowarka 60V FASTER 
Ładowarka 60V ZT63",62.4
1210,ZT16GPZ,Główny przewód zasilający ZT16,"S-6-01-A-02               
Główny przewód zasilający ZT16",0.65
1211,ZT16GL,Gniazdo ładowania ZT16,"S-6-01-A-03                
Gniazdo ładowania ZT16",12.58
1212,ZT16KIER,Kierownica ZT16,"S-6-02-B-01                      
Kierownica ZT16",37.61
1213,ZT16PLZS,Przednia lampa ze stacyjką ZT16,"S-7-01-A-01                
Przednia lampa ze stacyjką ZT16",11.75
1214,ZT16LHP,Linka hamulcowa przód ZT16,"S-7-01-B-01                        
Linka hamulcowa przód ZT16",12.58
1215,FASSTAKO,Stacyjka komplet Faster,"I-4-01-A-01                                           
Stacyjka komplet Faster",32.93
1216,UNIPRZ60,Przetwornica 60V uniwersalny,"I-4-02-A-01                                                
Przetwornica 60V uniwersalny",21.59
1217,ZT16MAN,Manetka komplet ZT16,"S-7-02-B-01                  
Manetka komplet ZT16",7.35
1218,FASLADLION,Ładowarka LI-ON 60V FASTER,"I-5-01                                                        
Ładowarka LI-ON 60V FASTER",82.89
1219,ZT16GLBP,Gniazdo ładowania bez przewodu ZT16,"S-7-02-B-02              
Gniazdo ładowania bez przewodu ZT16",6.24
1220,ZT16KHAMT,Klocki hamulcowe tył ZT16,"S-7-02-B-03                 
Klocki hamulcowe tył ZT16",0.65
1221,ZT16SDMK,Śruby do montażu koszyka ZT16,"S-7-02-B-04                    
Śruby do montażu koszyka ZT16",0.65
1222,UNIWSA,Włącznik świateł awaryjnych uniwersalny,"S-7-02-A-01                   
Włącznik świateł awaryjnych uniwersalny",0.65
1223,UNIADUKEU,Adapter EU-UK do pojazdu dla niepełnosprawnych,"I-5-02-A-01                                                    
Adapter EU-UK uniwersalny
",7.41
1224,ZT16THT,Tarcza hamulcowa tył ZT16,"S-7-02-A-02                 
Tarcza hamulcowa tył ZT16",0.65
1225,ZT16DHP,Dźwignia hamulca przedniego ZT16,"S-7-02-A-03                   
Dźwignia hamulca przedniego ZT16",4.41
1226,FASFP,Felga przód FASTER,"I-6-01                                                                                                
Felga przód FASTER",87.75
1227,ZT16PK,Przycisk klaksonu ZT16,"S-7-02-A-04                  
Przycisk klaksonu ZT16",12.55
1228,ZT16HP,Hamulec przedni ZT16 ,"S-7-02-A-05                  
Hamulec przedni ZT16 ",0.65
1229,FASFT,Felga tył FASTER,"I-7-01                                     
Felga tył FASTER",87.75
1230,CRIPPOL,Lewa półoś CRISTAL,"S-8-01                    
Lewa półoś CRISTAL",83.5
1231,FASDYF,Dyferencjał FASTER,"I-8-01                                                        
Dyferencjał FASTER",183.3
1232,CRIPSPK,Pokrywa schowka pod kierownicą CRISTAL,"S-8-02-B-01                       
Pokrywa schowka pod kierownicą CRISTAL",0.65
1233,CRICZABTE,Błotnik tylny element czarny CRISTAL,"S-8-02-B-02         
Błotnik tylny element czarny CRISTAL",6.24
1234,FASZKP,Zaślepka koła przód FASTER,"S-8-02-A-04                                                
Zaślepka koła przód FASTER",0.05
1235,CRIBIABTE,Błotnik tylny element biały CRISTAL,"S-8-02-B-03         
Błotnik tylny element biały CRISTAL",6.24
1236,CRISREBTE,Błotnik tylny element srebrny CRISTAL,"S-8-02-B-04         
Błotnik tylny element srebrny CRISTAL",6.24
1237,FASCZERBP,Błotnik przód czerwony FASTER,"J-1-01                                      
Błotnik przód czerwony FASTER",22.85
1238,CRICEP,Chromowany element przód CRISTAL,"S-8-02-B-05            
Chromowany element przód CRISTAL",10.4
1239,FASSZABP,Błotnik przód szary FASTER,"J-1-02                                                               
Błotnik przód szary FASTER",22.85
1240,CRIBIAKT,Kufer tylny biały CRISTAL,"S-5-03                         
Kufer tylny biały CRISTAL",139.1
1241,FASSIEDZ,Siedzisko FASTER,"L-1-01                                                   
Siedzisko FASTER",58.5
1242,CRICZAKT,Kufer tylny czarny CRISTAL,"S-8-03                         
Kufer tylny czarny CRISTAL",139.1
1243,ZT15DCZARPP,Pokrywa przednia czarny ZT15D,"J-2-02                                                
Pokrywa przednia czarny ZT15D
Pokrywa przednia czarny ZT18",19.28
1244,UNIBEZP35A,Bezpiecznik samochodowy 35A uniwersalny       ,"S-8-02-A-01                 
Bezpiecznik samochodowy 35A uniwersalny  
ZT15 ZT63 Faster Draco Cristal ZT18 ",3.81
1245,ZT15DSZARPR,Pokrywa przednia szary ZT15D,"J-2-03                                                     
Pokrywa przednia szary ZT15D
Pokrywa przednia szary ZT18",19.28
1246,FASPRE,Prędkościomierz FASTER SM,"J-3-01-A-01                                                        
Prędkościomierz FASTER stary model",30.75
1247,DRARTB,Rama tylnego bagażnika DRACO,"J-3-02-A-01                                    
Rama tylnego bagażnika DRACO",0.72
1248,FASGPNA,Gumowa pokrywa na akumlator FASTER,"J-3-02-B-01                                    
Gumowa pokrywa na akumlator FASTER",5.85
1249,DRAGL,Gniazdo ładowania LI-ON FASTER DRACO,"J-3-02-B-03                                   
Gniazdo ładowania LI-ON FASTER
Gniazdo ładowania LI-ON DRACO",2.96
1250,FASAMOR,Amortyzator tył FASTER,"J-5-01-A-01                                   
Amortyzator tył FASTER
Amortyzator tył DRACO",18.17
1251,FASPODO,Poduszka oparcia FASTER,"J-4-01                                       
Poduszka oparcia FASTER
Poduszka oparcia DRACO",78.65
1252,FASNFP,Nakrętka felgi przód FASTER,"J-6-01-A-01                                                      
Nakrętka felgi przód FASTER",3.61
1254,FASPRZK,Przerywacz kierunkowskazów FASTER,"J-6-01-A-04                                            
Przerywacz kierunkowskazów FASTER
Przerywacz kierunkowskazów DRACO",1.81
1255,DRALUS,Lusterka DRACO,"J-5-02-A-02                                      
Lusterka DRACO",16.16
1256,UNIUPDAO,Uszczekla pomiędzy dyferencjałem a osią uniwersaln,"J-3-02-B-02                                 
Uszczekla pomiedzy dyferencjałem a ośą uniwersalny",0.05
1257,FASSS,Stelaż siedziska FASTER DRACO,"J-6-02-B-01                       
Stelaż siedziska FASTER
Stelaż siedziska DRACO",45.11
1258,FASRYGZ,Rygiel kufra FASTER          ,"J-6-01-B-01                         
Rygiel  kufra FASTER                                      
Rygiel  kufra DRACO",0.05
1259,FASPZLION,Przewód zasilający LI-ON FASTER DRACO,"J-6-02-B-02                            
Przewód zasilający LI-ON FASTER
Przewód zasilający LI-ON DRACO",2.69
1260,FASNAKNK,Naklejki na kufer Veleco FASTER,"J-6-01-B-02                             
Naklejki na kufer Veleco FASTER
Naklejki na kufer Veleco DRACO",0.65
1261,FASONK,Odblask na kufer czerwony FASTER ,"J-6-01-B-03                                        
Odblask na kufer czerwony FASTER ",1.81
1262,FASSZAEZP,Zderzak przedni szary FASTER,"P-1-01                      
Zderzak przedni szary FASTER",159.9
1263,FASCZAZP,Zderzak przedni czarny FASTER,"P-1-02                      
Zderzak przedni czarny FASTER",159.9
1264,FASZABKU,Zabezpieczenie kufra FASTER,"J-6-01-B-04                                   
Zabezpieczenie kufra FASTER
Zabezpieczenie kufra DRACO",0.05
1265,UNIPIWYG,Pianka wygłuszająca uniwersalny,"J-6-01-B-05                                          
Pianka wygłuszająca uniwersalny",0.05
1266,FASLICZ60V,Prędkościomierz 60V FASTER,"P-2-02-A-01                                
Prędkościomierz 60V FASTER",18.93
1267,FASBPWP,Błotnik przedni wewnętrzny prawy FASTER,"J-6-02-A-01                               
Błotnik przedni wewnętrzny prawy FASTER",31.84
1268,FASMOCF,Mocowanie fotela FASTER,"J-6-02-A-02                              
Mocowanie fotela FASTER",29.22
1269,FASPBWL,Błotnik przedni wewnętrzny lewy FASTER,"J-6-02-A-03                                     
Błotnik przedni wewnętrzny lewy FASTER ",312.64
1270,FASCZEZPP,Zaślepka przedniego panelu czerwony FASTER,"P-2-01-A-01               
Zaślepka przedniego panelu czerwony FASTER
Zaślepka przedniego panelu czerwony DRACO",0.65
1271,FASCZARZPP,Zaślepka przedniego panelu czarny FASTER,"P-2-01-A-02                             
Zaślepka przedniego panelu czarny FASTER",0.65
1272,FASPOL,Półoś lewa FASTER,"J-7-01                           
Półoś lewa FASTER",69.5
1273,FASSTE,Sterownik FASTER,"P-3-01-A-01                          
Sterownik FASTER",32.32
1274,FASNIEBT,Błotnik przedni niebieski FASTER,"K-1-01                           
Błotnik przedni niebieski FASTER ",18.82
1275,FASDZHL,Dźwignia hamulca lewa FASTER,"K-2-02-B-01                                             
Dźwignia hamulca lewa FASTER",0.65
1276,DRAPOP,Półoś prawa DRACO,"P-4-01                             
Półoś prawa DRACO",69.5
1277,FASLAMP,Lampa przednia FASTER,"P-3-02-A-01                                     
Lampa przednia FASTER
Lampa przednia DRACO",42.64
1278,DRAPF,Felga przód DRACO,"P-4-02           
Felga przód DRACO",56.29
1279,FASPRZZL,Przełącznik zespolony lewy FASTER DRACO,"K-2-01-B-01                    
Przełącznik zespolony lewy FASTER DRACO",13.0
1280,DRAZPS,Zestaw przesuwu siedziska DRACO FASTER,"P-6-01-A-01                      
Zestaw przesuwu siedziska DRACO FASTER",65.65
1281,FASLTL,Lampa tylna lewa FASTER DRACO,"B-6-01-A-02                 
Lampa tylna lewa FASTER DRACO",21.45
1282,ZT15ELAD48,Ładowarka 48V ZT15E,"P-5-01                                   
Ładowarka 48V ZT15E",52.91
1283,DRALICZ48V,Prędkościomierz 48V DRACO,"P-6-02-A-01             
Prędkościomierz 48V DRACO",31.2
1284,DRAFT,Felga tył DRACO,"P-5-02             
Felga tył DRACO",57.59
1285,FASLTS,Lampa tylna środkowa FASTER DRACO,"K-2-01-A-01                
Lampa tylna środkowa FASTER DRACO",26.26
1286,DRADYF,Dyferencjał DRACO,"P-8-01                            
Dyferencjał DRACO",84.4
1287,FASCHLP,Chrom lampy przedniej FASTER,"K-2-02-A-01                             
Chrom lampy przedniej FASTER",83.2
1288,FASPPP,Poduszka podłokietnika prawa FASTER DRACO ZT15,"P-7-02-A-01         
Poduszka podłokietnika prawa FASTER DRACO ZT15",8.19
1289,FASAP,Amortyzator przód FASTER,"P-7-01-A-01   
Amortyzator przód FASTER",41.21
1290,FASTARH,Tarcza hamulcowa FASTER,"K-2-02-A-02                               
Tarcza hamulcowa FASTER",19572.8
1291,FASKIGL,Kierunkowskaz górny FASTER,"K-2-02-A-03                               
Kierunkowskaz górny FASTER",92.3
1292,FASSZAPP,Panel przedni szary FASTER DRACO,"O-1-01                               
Panel przedni szary FASTER DRACO",75.79
1295,FASLAMTL,Lampa tył lewa FASTER,"O-2-01-A-01                                               
Lampa tył lewa FASTER
",55.9
1296,FASLTP,Lampa tył prawa FASTER,"O-2-02-A-01                      
Lampa tył prawa FASTER",55.9
1297,FASPLDOK,Plastikowa dokładka FASTER,"K-5-01-B-01                            
Plastikowa dokładka FASTER             
",3.64
1298,FASLIHT,Linka hamulcowa tył FASTER,"K-4-01-A-01                                           
Linka hamulcowa tył FASTER",7.15
1299,FASMOCAK,Mocowanie akumulatorów FASTER,"K-5-01-A-01                                       
Mocowanie akumulatorów FASTER",18.82
1300,DRALICZ48VLIT,Prędkościomierz LIT DRACO 48V ,"O-3-01-B-01                      
Prędkościomierz LIT DRACO 48V ",31.2
1301,FASPPKW,Pokrywa pod kierownicą FASTER,"O-4-01-A-01                                      
Pokrywa pod kierownicą wewnętrzna FASTER",13.59
1302,FASPOP,Półoś prawa FASTER,"K-6-01                                 
Półoś prawa FASTER",0.6
1303,DRALADLIT,Ładowarka LIT 48V DRACO,"O-3-01-B-02              
Ładowarka LIT 48V DRACO
",52.0
1304,FASPPL,Poduszka podłokietnika lewa FASTER DRACO ZT15,"O-4-02-A-01       
Poduszka podłokietnika lewa FASTER DRACO ZT15",8.19
1305,DRAST48,Sterownik 48V DRACO,"O-5-01-A01                                     
Sterownik 48V DRACO",51.35
1306,DRASIL48,Silnik 48v DRACO ,"O-5-02                                
Silnik 48v DRACO ",88.14
1307,DRAPOL,Półoś lewa DRACO,"O-6-01                                   
Półoś lewa DRACO",69.5
1308,FASNPT,Nadkole prawy tył FASTER,"K-4-02-A-01                              
Nadkole prawy tył FASTER
",20.07
1309,FASPZP,Przełącznik zespolony prawy FASTER,"K-5-02-B-01                                  
Przełącznik zespolony prawy FASTER",11.73
1310,DRAHEL,Hamulec elektromagnetyczny DRACO ,"O-7-01-A-01    
Hamulec elektromagnetyczny DRACO ",257.66
1311,DRAHBP,Hamulec bębnowy przód DRACO,"O-7-01-B-01     
Hamulec bębnowy przód DRACO",0.65
1312,FASDPP,Dystans podłokietnik prawy FASTER,"K-5-02-A-01                                   
Dystans podłokietnik prawy FASTER",7.15
1313,FASLINBAG,Linka bagażnika FASTER,"K-5-02-A-02                                                
Linka bagażnika FASTER",7.28
1315,FASMOCZD,Mocowanie zapasowe dachu FASTER,"K-5-02-A-04                                            
Mocowanie zapasowe dachu FASTER",20.15
1316,FASTW,Tylny wahacz FASTER,"O-8-01                                
Tylny wahacz FASTER",47.2
1319,FASPWX,Przedni wahacz FASTER,"O-8-02               
Przedni wahacz FASTER",0.65
1320,FASOGK,Osłona górnego kierunkowskazu FASTER,"L-2-02-B-01                                           
Osłona górnego kierunkowskazu FASTER",20.06
1321,FASHNZ,Haczyk na zakupy FASTER,"L-2-02-B-02                                    
Haczyk na zakupy FASTER",0.22
1322,FASZVIN,Zaślepka VIN FASTER,"L-2-02-B-03                                
Zaślepka VIN FASTER",0.05
1323,FASCZAPP,Panel przedni czarny FASTER DRACO,"N-1-02                                       
Panel przedni czarny FASTER DRACO",75.79
1324,FASKLH,Klocki hamulcowe FASTER,"L-2-02-B-04                                            
Klocki hamulcowe FASTER",0.72
1325,FASGOPS,Gumowy odbój pod siedzenie FASTER,"L-2-02-B-05                                   
Gumowy odbój pod siedzenie FASTER",1.2
1326,ZT15VIN,Zaślepka VIN ZT15,"O-7-02-A-01     
Zaślepka VIN ZT15",0.29
1327,DRAUPH,Uchwyt przedniego hamulca DRACO,"L-2-02-B-06                                
Uchwyt przedniego hamulca DRACO",0.72
1329,FASPUSB,Port USB FASTER,"L-2-02-A-01                                
Port USB FASTER",12.87
1330,FASCZETO,Tylna osłona czerwony FASTER,"N-1-01            
Tylna osłona czerwony FASTER
Tylna osłona czerwony DRACO",104.65
1331,FASGL,Gniazdo ładowania FASTER,"L-2-02-A-02                                     
Gniazdo ładowania FASTER ",5.46
1332,FASPSL,Prowadnica siedzenia lewa FASTER,"L-2-01-B-01                                                        
Prowadnica siedzenia lewa FASTER",7.15
1333,FASNIEZPP,Zaślepka przedniego panelu niebieski FASTER,"N-2-01-A-01                       
Zaślepka przedniego panelu niebieski FASTER",0.65
1334,FASPWPS,Płytka wzmacniająca pod siedzenie FASTER,"L-2-01-B-02                                   
Płytka wzmacniająca pod siedzenie FASTER",3.64
1335,FASBPPS,Boczny panel pod siedzeniem FASTER,"L-2-01-B-03                                          
Boczny panel pod siedzeniem FASTER",9.95
1336,FASPDS,Prowadnica siedzenia prawa FASTER,"L-2-01-B-04                               
Prowadnica siedzenia prawa FASTER",20.54
1337,FASSZAZPP,Zaślepka przedniego panelu szary FASTER,"M-2-01-A02                       
Zaślepka przedniego panelu szary FASTER",0.65
1338,CRISREPP,Panel przedni srebrny CRISTAL,"A1-2-02                    
Panel przedni srebrny CRISTAL",18.46
1339,ZT15EAP,Amortyzator przedni prawy ZT15,"A-5-01-B-01                           
Amortyzator przedni prawy ZT15",19.38
1340,CRICZAPP,Panel przedni czarny CRISTAL,"B1-2-01                               
Panel przedni czarny CRISTAL",18.46
1341,CRIBIAPP,Panel przedni biały CRISTAL,"A1-2-01                
Panel przedni biały CRISTAL",18.46
1342,CRIBIAPOPF,Przednia osłona pod fotelem biały CRISTAL,"A1-4-01                       
Przednia osłona pod fotelem biały CRISTAL",116.42
1343,CRISREPOPF,Przednia osłona pod fotelem srebrny CRISTAL,"A1-3-01             
Przednia osłona pod fotelem srebrny CRISTAL",116.42
1344,DRAAPL,Amortyzator przedni lewy DRACO ,"T-5-01-A-01                                      
Amortyzator przedni lewy DRACO ",19.38
1345,FASZPCZA,Zaślepka podłokietnika czarny FASTER,"S-8-02-A-02      
Zaślepka podłokietnika czarny FASTER
Zaślepka podłokietnika czarny CRISTAL
Zaślepka podłokietnika czarny ZT15",0.65
1346,CRICZAPOPF,Przednia osłona pod fotelem czarny CRISTAL,"B1-3-01                  
Przednia osłona pod fotelem czarny CRISTAL",116.42
1347,DRAOSDR,Oś przednia DRACO ,"O-7-02-A-04                             
Oś przednia DRACO ",69.62
1348,DRADPL,Dystans podłokietnik lewy FASTER,"O-7-02-A-03                           
Dystans podłokietnik lewy DRACO
Dystans podłokietnik lewy FASTER",7.15
1349,FASCZATO,Tylna osłona czarny FASTER,"I-1-01            
Tylna osłona czarny FASTER
Tylna osłona czarny DRACO",104.65
1350,FASEWIEL,Wiązka elektryczna FASTER,"N-2-02-A-01                          
Wiązka elektryczna FASTER",22.49
1351,FASZSP,Zaślepka śruby podłokietnika FASTER,"S-8-02-A-03                    
Zaślepka śruby podłokietnika FASTER
Zaślepka śruby podłokietnika ZT15
Zaślepka śruby podłokietnika CRISTAL",0.05
1352,FASNIETO,Tylna osłona niebieski FASTER,"D1-1-01                             
Tylna osłona niebieski FASTER
Tylna osłona niebieski DRACO",104.65
1353,UNIZAS,Zaślepka uniwersalny,"S-8-02-A-05                                    
Zaślepka uniwersalny",0.05
1354,FASOPOP,Opona przód FASTER,"L-3-01                
Opona przód FASTER",42.9
1355,FASZSKT,Zaślepka śruby koła tył FASTER ,"S-8-02-A-06                          
Zaślepka śruby koła tył FASTER ",0.05
1356,FASSZATO,Tylna osłona szary FASTER,"A1-1-01                            
Tylna osłona szary FASTER
Tylna osłona szary DRACO",104.65
1357,FASPP,Prawy podłokietnik FASTER,"N-3-01                   
Prawy podłokietnik FASTER
Prawy podłokietnik DRACO
Prawy podłokietnik ZT15",83.38
1358,CRISTER,Sterownik CRISTAL,"N-4-01-A-01               
Sterownik CRISTAL                             ",89.12
1359,CRIAPL,Amortyzator przedni lewy CRISTAL,"N-4-01-B-01                       
Amortyzator przedni lewy CRISTAL
",52.46
1360,CRILBS,Linka blokady siodełka CRISTAL,"L-4-01-A-01            
Linka blokady siodełka CRISTAL",4.95
1361,CRIAPP,Amortyzator przedni prawy CRISTAL,"N-4-01-B-02                               
Amortyzator przedni prawy CRISTAL",52.46
1362,CRILLICZ,Linka prędkościomierza CRISTAL  ,"L-4-01-A-02            
Linka prędkościomierza CRISTAL  ",4.55
1363,DRAKZ,Komplet zamków DRACO FASTER,"N-4-02-B-01                                                                    
Komplet zamków DRACO
Komplet zamków FASTER",37.05
1364,DRASYGC,Sygnał cofania DRACO,"N-4-02-B-02                                                      
Sygnał cofania DRACO",7.15
1365,CRIAT,Amortyzator tył CRISTAL,"L-4-02-A-01                                 
Amortyzator tył CRISTAL",52.65
1366,DRAPUSB,Port USB DRACO,"N-4-02-B-03                            
Port USB DRACO",12.87
1367,DRALHT,Linka hamulcowa tył DRACO,"N-4-02-A-01             
Linka hamulcowa tył DRACO",16.51
1369,CRIPP,Prawy podłokietnik CRISTAL,"L-4-02-A-02                                           
Prawy podłokietnik CRISTAL                        ",83.64
1370,FASKK,Kolumna kierownicza FASTER,"N-5-01           
Kolumna kierownicza FASTER",103.61
1371,ZT63TA,Tylny amortyzator ZT63,"L-5-01-A-01                                     
Amortyzator tył  ZT63",68.93
1372,DRATA,Tylny amortyzator DRACO,"N-6-01-A-01          
Tylny amortyzator DRACO",31.79
1373,ZT63MB,Mocowanie błotnika część 1 ZT63,"L-5-01-A-02                                            
Mocowanie błotnika część 1 ZT63",41.8
1374,ZT63MBC2,Mocowanie błotnika część 2 ZT63,"L-5-01-A-03                                        
Mocowanie błotnika część 2 ZT63",20.54
1375,FASSIL,Silnik FASTER,"L-6-01                                 
Silnik FASTER",142.74
1376,DRAAPP,Amortyzator przedni prawy DRACO ,"N-6-01-A-02                                            
Amortyzator przedni prawy DRACO ",19.38
1377,ZT63ZP,Zaślepka podnóżka ZT63,"L-5-02-A-01                                           
Zaślepka podnóżka ZT63 ",0.72
1378,ZT63SOPK,Schowek osłony pod kierownicą ZT63    ,"L-5-02-A-02                                    
Schowek osłony pod kierownicą ZT63                               
",19.84
1379,DRADHL,Dźwignia hamulca lewa DRACO,"N-6-02-B-01              
Dźwignia hamulca lewa DRACO",20.54
1380,ZT63CZO,Czarna osłona z chromem ZT63,"L-5-02-A-03                         
Czarna osłona z chromem ZT63
",32.7
1381,DRADHP,Dźwignia hamulca prawa DRACO,"N-6-02-B-02              
Dźwignia hamulca prawa DRACO",17.16
1382,DRALHP,Linka hamulcowa przód DRACO,"N-6-02-A-01          
Linka hamulcowa przód DRACO",6.5
1383,AKCZDUNL,Zaślepka do uchwytu na laskę,"N-6-01-B-01          
Zaślepka do uchwytu na laskę",0.65
1384,DRAMAN,Przepustnica manetka gazu DRACO,"N-6-01-B-02                  
Przepustnica manetka gazu DRACO",0.65
1385,CRICZATO,Tylna osłona czarny CRISTAL,"T-4-01                        
Tylna osłona czarny CRISTAL",89.57
1386,CRISRETO,Tylna osłona srebrny CRISTAL,"T-2-01                           
Tylna osłona srebrny CRISTAL",89.57
1387,CRIDLOS,Dolny łącznik osłony środkowy CRISTAL,"J-2-01               
Dolny łącznik osłony środkowy CRISTAL",0.65
1388,UCHWY,Uchwyt na laskę,"XXXX              
Uchwyt na laskę",54.34
1389,FASDACH,Dach FASTER,"XXXXX               
Dach FASTER",609.7
1390,ZT25SIL,Silnik ZT25,"T-7-01           
Silnik ZT25",260.0
1391,AKUAGM12V,Akumulator AGM 12V 20ah ,"XXXXXX           
Akumulator AGM 12V 20ah ",120.28
1392,FASOP,Oś przednia FASTER,"N-7-01                      
Oś przednia FASTER",36.01
1393,DRAOZKP,Osłona za kołem przednim DRACO,"M-4-01                   
Osłona za kołem przednim DRACO",0.65
1394,FASLION,Prędkościomierz LI-ON FASTER,"M-2-01-A-01                             
Prędkościomierz LI-ON FASTER",27.68
1395,CRIWONA,Wewnętrzna osłona nad amortyzatory CRISTAL,"M-4-02          
Wewnętrzna osłona nad amortyzatory CRISTAL",0.65
1396,FASLUS,Lusterko FASTER DRACO,"M-2-02-A-01                                    
Lusterko FASTER
Lusterko DRACO",28.6
1397,FASPODL,Podłokietnik lewy FASTER,"M-3-01                                                 
Podłokietnik lewy FASTER
Podłokietnik lewy CRISTAL
Podłokietnik lewy DRACO
Podłokietnik lewy ZT15",91.72
1398,FASBLO,Bateria LI-ON 60V FASTER,"M-5-01                                     
Bateria LI-ON 60V FASTER ",1461.2
1399,FASDKD,Drążek kierowniczy długi FASTER,"N-7-02            
Drążek kierowniczy długi FASTER",30.32
1400,FASDKK,Drążek kierowniczy krótki FASTER,"N-7-03          
Drążek kierowniczy krótki FASTER",30.32
1401,UNIPOK,Pokrowiec uniwersalny,"XXX                             
Pokrowiec uniwersalny",91.0
1402,FROSTLTS,Lampa tylna środkowa FROST,"G-2-03                     
Lampa tylna środkowa FROST",52.0
1403,ZT16AKU12V,Akumulator set 12V ZT16,"C1-6-02                            
Akumulator set 12V ZT16",120.28
1404,FASRAM,Rama FASTER,"D1-5-01               
Rama FASTER",65.0
1405,UNIADEUUK,Adapter UK-EU do pojazdu dla niepełnosprawnych,"J-5-02-A-01  
Adapter UK-EU uniwersalny",0.65
1406,DRAWIELE,Wiązka elektryczna DRACO,"O-3-02-A-01                                          
Wiązka elektryczna DRACO",3.64
1407,FROAKU,Akumulator AGM 12V FROST,"XXXXX
Akumulator AGM 12V FROST",442.0
1422,Z18291,"Folia pęcherzykowa 0,5x100 lekka","Folia pęcherzykowa 0,5x100 lekka",27.3
1424,ULOTKICIĘTE2000,Ulotki cięte pakiet 2000sztuk - feedback,Ulotki cięte pakiet 2000sztuk - feedback,1.3
1425,ZT25LADLIT,ZT25 Ładowarka do litowej bateri ,"A1-3-02                   
ZT25 Ładowarka do litowej bateri 
",65.0
1426,ZT16GUMKAB,ZT16 Gumka ochronna do kabli do ramy ,"D-4-01-B-07                  
",0.13
1427,UNIZARW5W,Uniewersalna żarowka W5W 12V do pozycyjnych świate,"D-4-01-B-02                
Do ZT15E",0.07
1428,ZT63DEKOR,ZT63 Dekor przedniego koła widelca,"K-5-02-A-03                  
",0.13
1429,ZT15ECZEKGL,Klapka gniazda ładowania czerwony ZT15,"F-5-02-B-05                         
Klapka gniazda ładowania czerwony ZT15",6.44
1430,ZT63DHL,Dźwignia hamulca lewa ZT63,"J-6-01-A-02                         
Dźwignia hamulca lewa ZT63",18.02
1431,ZT16STR,Sterownik ZT16,"S-6-01-A-04                          
Sterownik ZT16",58.5
1432,ZT63FP,Felga przód ZT63,"H-7-02               
Felga przód ZT63",76.69
1433,ZR63MP,Manetka prawa ZT63,"H-7-01-B-01                        
Manetka prawa ZT63",28.6
1434,ZT63OAL,Osłona atrapy lampy(kratka) ZT63,"H-7-01-A-02                                      
Osłona atrapy lampy(kratka) ZT63",0.65
1435,ZT63EOZP,Element ozdobny zawieszenia przód ZT63,"H-7-01-A-01                   
Element ozdobny zawieszenia przód ZT63",7.8
1436,ZT63LB,Linka bagażnika ZT63,"H-7-01-A-03                    
Linka bagażnika ZT63",3.25
1437,ZT63BMK,Blacha montażowa do kuferka ZT63,"H-7-01-A-04                       
Blacha montażowa do kuferka ZT63",1.3
1438,ZT63OCZ,Odblask czerwony zderzaka tył ZT63,"H-7-01-A-05                         
Odblask czerwony zderzaka tył ZT63",2.74
1439,ZT63CL,Chrom licznika ZT63,"H-7-01-B-04                                  
Chrom licznika ZT63",5.72
1440,UNIUDO,Uchwyt do odblasku uniwersalny,"H-7-01-B-03                   
Uchwyt do odblasku uniwersalny",2.6
1441,ZT63LT,Lampa tył ZT63,"H-6-01-A-01                       
Lampa tył ZT63",39.0
1442,UNIOZ,Odblask zółty uniwersalny,"H-6-01-A-02              
Odblask zółty uniwersalny",2.74
1443,UNIOCZ,Odblask czerwony uniwersalny,"H-6-01-A-03                        
Odblask czerwony uniwersalny",2.74
1444,ZT3A,Alarm ZT63,"H-6-02-A-01                   
Alarm ZT63",52.0
1445,ZT63KP,Kierunkowskaz przedni ZT63,"H-6-02-A-02                                  
Kierunkowskaz przedni ZT63",13.4
1446,MMSTRCZA,Strecz czarny,"G1-4-01                                 
Strecz czarny",19.5
1447,MMSTRBIA,Strecz biały ,"G1-4-02                          
Strecz biały",19.5
1448,MMPDP500,Pianka do pakowania 500m,"G1-5-01             
Pianka do pakowania 500m",117.0
1451,FASLUSLEWE,Lusterko LEWE FASTER DRACO,"K-2-01-A-02                            
Lusterko FASTER
Lusterko DRACO",0.0
1452,FAS-CAN-RED,Skuter Faster Dach CZERWONY CL-30ZR-60 60V 1000W,4 kołowy skuter elektryczny czerwony,1859.7
1453,FAS-CAN-BLU,Skuter Faster Dach NIEBIESKI CL-30ZR-60 60V 1000W,4 kołowy skuter elektryczny niebieski,1859.7
1454,FAS-CAN-GRA,Skuter Faster Dach SZARY CL-30ZR-60 60V 1000W,4 kołowy skuter elektryczny szary,1859.7
1455,FAS-CAN-BLA,Skuter Faster Dach CZARNY CL-30ZR-60 60V 1000W,4 kołowy skuter elektryczny czarny,1859.7
1456,FAS-RED-LI,Skuter Faster LITION CZERWONY CL-30ZR-60 60V 1000W,4 kołowy skuter elektryczny czerwony,2848.95
